date,year,month,day,icpiu,iip,ru3
1948-01-01,1948,1,1,23.680,14.3624,3.4
1948-02-01,1948,2,1,23.670,14.3893,3.8
1948-03-01,1948,3,1,23.500,14.2277,4.0
1948-04-01,1948,4,1,23.820,14.2546,3.9
1948-05-01,1948,5,1,24.010,14.4971,3.5
1948-06-01,1948,6,1,24.150,14.6857,3.6
1948-07-01,1948,7,1,24.400,14.6857,3.6
1948-08-01,1948,8,1,24.430,14.6318,3.9
1948-09-01,1948,9,1,24.360,14.5241,3.8
1948-10-01,1948,10,1,24.310,14.6319,3.7
1948-11-01,1948,11,1,24.160,14.4432,3.8
1948-12-01,1948,12,1,24.050,14.3085,4.0
1949-01-01,1949,1,1,24.010,14.1738,4.3
1949-02-01,1949,2,1,23.910,14.039,4.7
1949-03-01,1949,3,1,23.910,13.7696,5.0
1949-04-01,1949,4,1,23.920,13.6887,5.3
1949-05-01,1949,5,1,23.910,13.5001,6.1
1949-06-01,1949,6,1,23.920,13.4732,6.2
1949-07-01,1949,7,1,23.700,13.4462,6.7
1949-08-01,1949,8,1,23.700,13.5809,6.8
1949-09-01,1949,9,1,23.750,13.7157,6.6
1949-10-01,1949,10,1,23.670,13.2037,7.9
1949-11-01,1949,11,1,23.700,13.554,6.4
1949-12-01,1949,12,1,23.610,13.7965,6.6
1950-01-01,1950,1,1,23.510,14.039,6.5
1950-02-01,1950,2,1,23.610,14.0929,6.4
1950-03-01,1950,3,1,23.640,14.551,6.3
1950-04-01,1950,4,1,23.650,15.036,5.8
1950-05-01,1950,5,1,23.770,15.3863,5.5
1950-06-01,1950,6,1,23.880,15.8444,5.4
1950-07-01,1950,7,1,24.070,16.3564,5.0
1950-08-01,1950,8,1,24.200,16.8684,4.5
1950-09-01,1950,9,1,24.340,16.7606,4.4
1950-10-01,1950,10,1,24.500,16.8684,4.2
1950-11-01,1950,11,1,24.600,16.8415,4.2
1950-12-01,1950,12,1,24.980,17.1379,4.3
1951-01-01,1951,1,1,25.380,17.1917,3.7
1951-02-01,1951,2,1,25.830,17.2995,3.4
1951-03-01,1951,3,1,25.880,17.3804,3.4
1951-04-01,1951,4,1,25.920,17.4073,3.1
1951-05-01,1951,5,1,25.990,17.3534,3.0
1951-06-01,1951,6,1,25.930,17.2726,3.2
1951-07-01,1951,7,1,25.910,17.0031,3.1
1951-08-01,1951,8,1,25.860,16.8415,3.1
1951-09-01,1951,9,1,26.030,16.9492,3.3
1951-10-01,1951,10,1,26.160,16.9223,3.5
1951-11-01,1951,11,1,26.320,17.057,3.5
1951-12-01,1951,12,1,26.470,17.1648,3.1
1952-01-01,1952,1,1,26.450,17.3534,3.2
1952-02-01,1952,2,1,26.410,17.4612,3.1
1952-03-01,1952,3,1,26.390,17.5151,2.9
1952-04-01,1952,4,1,26.460,17.3534,2.9
1952-05-01,1952,5,1,26.470,17.1918,3.0
1952-06-01,1952,6,1,26.530,17.0301,3.0
1952-07-01,1952,7,1,26.680,16.7606,3.2
1952-08-01,1952,8,1,26.690,17.8385,3.4
1952-09-01,1952,9,1,26.630,18.4852,3.1
1952-10-01,1952,10,1,26.690,18.6738,3.0
1952-11-01,1952,11,1,26.690,19.0511,2.8
1952-12-01,1952,12,1,26.710,19.1588,2.7
1953-01-01,1953,1,1,26.640,19.2127,2.9
1953-02-01,1953,2,1,26.590,19.3205,2.6
1953-03-01,1953,3,1,26.630,19.4822,2.6
1953-04-01,1953,4,1,26.690,19.563,2.7
1953-05-01,1953,5,1,26.700,19.6708,2.5
1953-06-01,1953,6,1,26.770,19.59,2.5
1953-07-01,1953,7,1,26.790,19.8325,2.6
1953-08-01,1953,8,1,26.850,19.7247,2.7
1953-09-01,1953,9,1,26.890,19.3205,2.9
1953-10-01,1953,10,1,26.950,19.1588,3.1
1953-11-01,1953,11,1,26.850,18.7008,3.5
1953-12-01,1953,12,1,26.870,18.2427,4.5
1954-01-01,1954,1,1,26.940,18.1079,4.9
1954-02-01,1954,2,1,26.990,18.1618,5.2
1954-03-01,1954,3,1,26.930,18.054,5.7
1954-04-01,1954,4,1,26.860,17.9462,5.9
1954-05-01,1954,5,1,26.930,18.054,5.9
1954-06-01,1954,6,1,26.940,18.1079,5.6
1954-07-01,1954,7,1,26.860,18.1349,5.8
1954-08-01,1954,8,1,26.850,18.1079,6.0
1954-09-01,1954,9,1,26.810,18.1349,6.1
1954-10-01,1954,10,1,26.720,18.3505,5.7
1954-11-01,1954,11,1,26.780,18.6469,5.3
1954-12-01,1954,12,1,26.770,18.8894,5.0
1955-01-01,1955,1,1,26.770,19.3205,4.9
1955-02-01,1955,2,1,26.820,19.563,4.7
1955-03-01,1955,3,1,26.790,20.0211,4.6
1955-04-01,1955,4,1,26.790,20.2636,4.7
1955-05-01,1955,5,1,26.770,20.587,4.3
1955-06-01,1955,6,1,26.710,20.6139,4.2
1955-07-01,1955,7,1,26.760,20.7756,4.0
1955-08-01,1955,8,1,26.720,20.7487,4.2
1955-09-01,1955,9,1,26.850,20.8834,4.1
1955-10-01,1955,10,1,26.820,21.2337,4.3
1955-11-01,1955,11,1,26.880,21.2876,4.2
1955-12-01,1955,12,1,26.870,21.3684,4.2
1956-01-01,1956,1,1,26.830,21.5032,4.0
1956-02-01,1956,2,1,26.860,21.3145,3.9
1956-03-01,1956,3,1,26.890,21.3145,4.2
1956-04-01,1956,4,1,26.930,21.4762,4.0
1956-05-01,1956,5,1,27.030,21.2876,4.3
1956-06-01,1956,6,1,27.150,21.099,4.3
1956-07-01,1956,7,1,27.290,20.4522,4.4
1956-08-01,1956,8,1,27.310,21.2876,4.1
1956-09-01,1956,9,1,27.350,21.7726,3.9
1956-10-01,1956,10,1,27.510,21.9613,3.9
1956-11-01,1956,11,1,27.510,21.7726,4.3
1956-12-01,1956,12,1,27.630,22.096,4.2
1957-01-01,1957,1,1,27.670,22.0151,4.2
1957-02-01,1957,2,1,27.800,22.2307,3.9
1957-03-01,1957,3,1,27.860,22.2038,3.7
1957-04-01,1957,4,1,27.930,21.9074,3.9
1957-05-01,1957,5,1,28.000,21.8265,4.1
1957-06-01,1957,6,1,28.110,21.8804,4.3
1957-07-01,1957,7,1,28.190,22.0151,4.2
1957-08-01,1957,8,1,28.280,22.0152,4.1
1957-09-01,1957,9,1,28.320,21.8265,4.4
1957-10-01,1957,10,1,28.320,21.5032,4.5
1957-11-01,1957,11,1,28.410,20.9912,5.1
1957-12-01,1957,12,1,28.470,20.587,5.2
1958-01-01,1958,1,1,28.640,20.2097,5.8
1958-02-01,1958,2,1,28.700,19.7786,6.4
1958-03-01,1958,3,1,28.870,19.5361,6.7
1958-04-01,1958,4,1,28.940,19.2127,7.4
1958-05-01,1958,5,1,28.940,19.4013,7.4
1958-06-01,1958,6,1,28.910,19.9133,7.3
1958-07-01,1958,7,1,28.890,20.2097,7.5
1958-08-01,1958,8,1,28.940,20.6139,7.4
1958-09-01,1958,9,1,28.910,20.8026,7.1
1958-10-01,1958,10,1,28.910,21.0451,6.7
1958-11-01,1958,11,1,28.950,21.6649,6.2
1958-12-01,1958,12,1,28.970,21.6918,6.2
1959-01-01,1959,1,1,29.010,22.0151,6.0
1959-02-01,1959,2,1,29.000,22.4463,5.9
1959-03-01,1959,3,1,28.970,22.7696,5.6
1959-04-01,1959,4,1,28.980,23.2547,5.2
1959-05-01,1959,5,1,29.040,23.605,5.1
1959-06-01,1959,6,1,29.110,23.6319,5.0
1959-07-01,1959,7,1,29.150,23.066,5.1
1959-08-01,1959,8,1,29.180,22.2846,5.2
1959-09-01,1959,9,1,29.250,22.2577,5.5
1959-10-01,1959,10,1,29.350,22.096,5.7
1959-11-01,1959,11,1,29.350,22.2307,5.8
1959-12-01,1959,12,1,29.410,23.605,5.3
1960-01-01,1960,1,1,29.370,24.2247,5.2
1960-02-01,1960,2,1,29.410,24.0092,4.8
1960-03-01,1960,3,1,29.410,23.7936,5.4
1960-04-01,1960,4,1,29.540,23.605,5.2
1960-05-01,1960,5,1,29.570,23.578,5.1
1960-06-01,1960,6,1,29.610,23.2816,5.4
1960-07-01,1960,7,1,29.550,23.2008,5.5
1960-08-01,1960,8,1,29.610,23.1738,5.6
1960-09-01,1960,9,1,29.610,22.9313,5.5
1960-10-01,1960,10,1,29.750,22.9044,6.1
1960-11-01,1960,11,1,29.780,22.581,6.1
1960-12-01,1960,12,1,29.810,22.1499,6.6
1961-01-01,1961,1,1,29.840,22.1768,6.6
1961-02-01,1961,2,1,29.840,22.1499,6.9
1961-03-01,1961,3,1,29.840,22.2846,6.9
1961-04-01,1961,4,1,29.810,22.7427,7.0
1961-05-01,1961,5,1,29.840,23.093,7.1
1961-06-01,1961,6,1,29.840,23.4164,6.9
1961-07-01,1961,7,1,29.920,23.6858,7.0
1961-08-01,1961,8,1,29.940,23.9014,6.6
1961-09-01,1961,9,1,29.980,23.8745,6.7
1961-10-01,1961,10,1,29.980,24.3325,6.5
1961-11-01,1961,11,1,29.980,24.7098,6.1
1961-12-01,1961,12,1,30.010,24.9253,6.0
1962-01-01,1962,1,1,30.040,24.7098,5.8
1962-02-01,1962,2,1,30.110,25.114,5.5
1962-03-01,1962,3,1,30.170,25.2487,5.6
1962-04-01,1962,4,1,30.210,25.3026,5.6
1962-05-01,1962,5,1,30.240,25.2756,5.5
1962-06-01,1962,6,1,30.210,25.2218,5.5
1962-07-01,1962,7,1,30.220,25.4643,5.4
1962-08-01,1962,8,1,30.280,25.4912,5.7
1962-09-01,1962,9,1,30.420,25.6529,5.6
1962-10-01,1962,10,1,30.380,25.6799,5.4
1962-11-01,1962,11,1,30.380,25.7876,5.7
1962-12-01,1962,12,1,30.380,25.7876,5.5
1963-01-01,1963,1,1,30.440,25.9762,5.7
1963-02-01,1963,2,1,30.480,26.2727,5.9
1963-03-01,1963,3,1,30.510,26.4344,5.7
1963-04-01,1963,4,1,30.480,26.6769,5.7
1963-05-01,1963,5,1,30.510,27.0002,5.9
1963-06-01,1963,6,1,30.610,27.0811,5.6
1963-07-01,1963,7,1,30.690,26.9733,5.6
1963-08-01,1963,8,1,30.750,27.0272,5.4
1963-09-01,1963,9,1,30.720,27.2966,5.5
1963-10-01,1963,10,1,30.750,27.4853,5.5
1963-11-01,1963,11,1,30.780,27.62,5.7
1963-12-01,1963,12,1,30.880,27.5661,5.5
1964-01-01,1964,1,1,30.940,27.8086,5.6
1964-02-01,1964,2,1,30.910,27.9972,5.4
1964-03-01,1964,3,1,30.940,27.9972,5.4
1964-04-01,1964,4,1,30.950,28.4553,5.3
1964-05-01,1964,5,1,30.980,28.617,5.1
1964-06-01,1964,6,1,31.010,28.6978,5.2
1964-07-01,1964,7,1,31.020,28.8865,4.9
1964-08-01,1964,8,1,31.050,29.0751,5.0
1964-09-01,1964,9,1,31.080,29.1829,5.1
1964-10-01,1964,10,1,31.120,28.7787,5.1
1964-11-01,1964,11,1,31.210,29.6679,4.8
1964-12-01,1964,12,1,31.250,30.0182,5.0
1965-01-01,1965,1,1,31.280,30.3416,4.9
1965-02-01,1965,2,1,31.280,30.5302,5.1
1965-03-01,1965,3,1,31.310,30.9344,4.7
1965-04-01,1965,4,1,31.380,31.0691,4.8
1965-05-01,1965,5,1,31.480,31.3116,4.6
1965-06-01,1965,6,1,31.610,31.5541,4.6
1965-07-01,1965,7,1,31.580,31.8506,4.4
1965-08-01,1965,8,1,31.550,31.9853,4.4
1965-09-01,1965,9,1,31.620,32.0661,4.3
1965-10-01,1965,10,1,31.650,32.3895,4.2
1965-11-01,1965,11,1,31.750,32.5242,4.1
1965-12-01,1965,12,1,31.850,32.9284,4.0
1966-01-01,1966,1,1,31.880,33.2518,4.0
1966-02-01,1966,2,1,32.080,33.4674,3.8
1966-03-01,1966,3,1,32.180,33.9254,3.8
1966-04-01,1966,4,1,32.280,33.9793,3.8
1966-05-01,1966,5,1,32.350,34.3027,3.9
1966-06-01,1966,6,1,32.380,34.4643,3.8
1966-07-01,1966,7,1,32.450,34.653,3.8
1966-08-01,1966,8,1,32.650,34.6799,3.8
1966-09-01,1966,9,1,32.750,35.0033,3.7
1966-10-01,1966,10,1,32.850,35.2458,3.7
1966-11-01,1966,11,1,32.880,35.0033,3.6
1966-12-01,1966,12,1,32.920,35.0841,3.8
1967-01-01,1967,1,1,32.900,35.2496,3.9
1967-02-01,1967,2,1,33.000,34.8498,3.8
1967-03-01,1967,3,1,33.000,34.6534,3.8
1967-04-01,1967,4,1,33.100,34.9802,3.8
1967-05-01,1967,5,1,33.100,34.675,3.8
1967-06-01,1967,6,1,33.300,34.6707,3.9
1967-07-01,1967,7,1,33.400,34.5918,3.8
1967-08-01,1967,8,1,33.500,35.2545,3.8
1967-09-01,1967,9,1,33.600,35.1972,3.8
1967-10-01,1967,10,1,33.700,35.4839,4.0
1967-11-01,1967,11,1,33.900,35.9914,3.9
1967-12-01,1967,12,1,34.000,36.379,3.8
1968-01-01,1968,1,1,34.100,36.3399,3.7
1968-02-01,1968,2,1,34.200,36.4701,3.8
1968-03-01,1968,3,1,34.300,36.5839,3.7
1968-04-01,1968,4,1,34.400,36.6369,3.5
1968-05-01,1968,5,1,34.500,37.0478,3.5
1968-06-01,1968,6,1,34.700,37.1839,3.7
1968-07-01,1968,7,1,34.900,37.1269,3.7
1968-08-01,1968,8,1,35.000,37.2305,3.5
1968-09-01,1968,9,1,35.100,37.3715,3.4
1968-10-01,1968,10,1,35.300,37.4457,3.4
1968-11-01,1968,11,1,35.400,37.9301,3.4
1968-12-01,1968,12,1,35.600,38.0499,3.4
1969-01-01,1969,1,1,35.700,38.2801,3.4
1969-02-01,1969,2,1,35.800,38.525,3.4
1969-03-01,1969,3,1,36.100,38.8271,3.4
1969-04-01,1969,4,1,36.300,38.6842,3.4
1969-05-01,1969,5,1,36.400,38.538,3.4
1969-06-01,1969,6,1,36.600,38.9145,3.5
1969-07-01,1969,7,1,36.800,39.12,3.5
1969-08-01,1969,8,1,36.900,39.2099,3.5
1969-09-01,1969,9,1,37.100,39.2011,3.7
1969-10-01,1969,10,1,37.300,39.2125,3.7
1969-11-01,1969,11,1,37.500,38.8429,3.5
1969-12-01,1969,12,1,37.700,38.7387,3.5
1970-01-01,1970,1,1,37.900,38.0213,3.9
1970-02-01,1970,2,1,38.100,37.9963,4.2
1970-03-01,1970,3,1,38.300,37.9469,4.4
1970-04-01,1970,4,1,38.500,37.8494,4.6
1970-05-01,1970,5,1,38.600,37.8053,4.8
1970-06-01,1970,6,1,38.800,37.683,4.9
1970-07-01,1970,7,1,38.900,37.7755,5.0
1970-08-01,1970,8,1,39.000,37.7081,5.1
1970-09-01,1970,9,1,39.200,37.4482,5.4
1970-10-01,1970,10,1,39.400,36.6991,5.5
1970-11-01,1970,11,1,39.600,36.4768,5.9
1970-12-01,1970,12,1,39.800,37.3145,6.1
1971-01-01,1971,1,1,39.900,37.6015,5.9
1971-02-01,1971,2,1,39.900,37.5299,5.9
1971-03-01,1971,3,1,40.000,37.4892,6.0
1971-04-01,1971,4,1,40.100,37.6998,5.9
1971-05-01,1971,5,1,40.300,37.8911,5.9
1971-06-01,1971,6,1,40.500,38.05,5.9
1971-07-01,1971,7,1,40.600,37.9395,6.0
1971-08-01,1971,8,1,40.700,37.7193,6.1
1971-09-01,1971,9,1,40.800,38.3324,6.0
1971-10-01,1971,10,1,40.900,38.6193,5.8
1971-11-01,1971,11,1,41.000,38.7832,6.0
1971-12-01,1971,12,1,41.100,39.2309,6.0
1972-01-01,1972,1,1,41.200,40.1688,5.8
1972-02-01,1972,2,1,41.400,40.5837,5.7
1972-03-01,1972,3,1,41.400,40.8655,5.8
1972-04-01,1972,4,1,41.500,41.2656,5.7
1972-05-01,1972,5,1,41.600,41.2706,5.7
1972-06-01,1972,6,1,41.700,41.3786,5.7
1972-07-01,1972,7,1,41.800,41.3347,5.6
1972-08-01,1972,8,1,41.900,41.9046,5.6
1972-09-01,1972,9,1,42.100,42.2284,5.5
1972-10-01,1972,10,1,42.200,42.7745,5.6
1972-11-01,1972,11,1,42.400,43.2795,5.3
1972-12-01,1972,12,1,42.500,43.7695,5.2
1973-01-01,1973,1,1,42.700,44.0847,4.9
1973-02-01,1973,2,1,43.000,44.7242,5.0
1973-03-01,1973,3,1,43.400,44.7435,4.9
1973-04-01,1973,4,1,43.700,44.6782,5.0
1973-05-01,1973,5,1,43.900,44.9741,4.9
1973-06-01,1973,6,1,44.200,45.0257,4.9
1973-07-01,1973,7,1,44.200,45.1952,4.8
1973-08-01,1973,8,1,45.000,45.1308,4.8
1973-09-01,1973,9,1,45.200,45.4862,4.8
1973-10-01,1973,10,1,45.600,45.8531,4.6
1973-11-01,1973,11,1,45.900,46.0654,4.8
1973-12-01,1973,12,1,46.300,45.9344,4.9
1974-01-01,1974,1,1,46.800,45.6298,5.1
1974-02-01,1974,2,1,47.300,45.4951,5.2
1974-03-01,1974,3,1,47.800,45.4952,5.1
1974-04-01,1974,4,1,48.100,45.3625,5.1
1974-05-01,1974,5,1,48.600,45.7241,5.1
1974-06-01,1974,6,1,49.000,45.639,5.4
1974-07-01,1974,7,1,49.300,45.7193,5.5
1974-08-01,1974,8,1,49.900,45.2357,5.5
1974-09-01,1974,9,1,50.600,45.2421,5.9
1974-10-01,1974,10,1,51.000,45.1011,6.0
1974-11-01,1974,11,1,51.500,43.6158,6.6
1974-12-01,1974,12,1,51.900,42.0553,7.2
1975-01-01,1975,1,1,52.300,41.475,8.1
1975-02-01,1975,2,1,52.600,40.529,8.1
1975-03-01,1975,3,1,52.800,40.0796,8.6
1975-04-01,1975,4,1,53.000,40.1527,8.8
1975-05-01,1975,5,1,53.100,40.0399,9.0
1975-06-01,1975,6,1,53.500,40.2987,8.8
1975-07-01,1975,7,1,54.000,40.7094,8.6
1975-08-01,1975,8,1,54.200,41.1098,8.4
1975-09-01,1975,9,1,54.600,41.638,8.4
1975-10-01,1975,10,1,54.900,41.8171,8.4
1975-11-01,1975,11,1,55.300,41.8764,8.3
1975-12-01,1975,12,1,55.600,42.4484,8.2
1976-01-01,1976,1,1,55.800,43.0149,7.9
1976-02-01,1976,2,1,55.900,43.4515,7.7
1976-03-01,1976,3,1,56.000,43.5359,7.6
1976-04-01,1976,4,1,56.100,43.7593,7.7
1976-05-01,1976,5,1,56.400,43.9359,7.4
1976-06-01,1976,6,1,56.700,43.9918,7.6
1976-07-01,1976,7,1,57.000,44.2254,7.8
1976-08-01,1976,8,1,57.300,44.5365,7.8
1976-09-01,1976,9,1,57.600,44.6775,7.6
1976-10-01,1976,10,1,57.900,44.6695,7.7
1976-11-01,1976,11,1,58.100,45.354,7.8
1976-12-01,1976,12,1,58.400,45.8357,7.8
1977-01-01,1977,1,1,58.700,45.5276,7.5
1977-02-01,1977,2,1,59.300,46.2567,7.6
1977-03-01,1977,3,1,59.600,46.8356,7.4
1977-04-01,1977,4,1,60.000,47.2898,7.2
1977-05-01,1977,5,1,60.200,47.6607,7.0
1977-06-01,1977,6,1,60.500,48.0196,7.2
1977-07-01,1977,7,1,60.800,48.0819,6.9
1977-08-01,1977,8,1,61.100,48.1315,7.0
1977-09-01,1977,9,1,61.300,48.3308,6.8
1977-10-01,1977,10,1,61.600,48.4014,6.8
1977-11-01,1977,11,1,62.000,48.4924,6.8
1977-12-01,1977,12,1,62.300,48.564,6.4
1978-01-01,1978,1,1,62.700,47.8693,6.4
1978-02-01,1978,2,1,63.000,48.1283,6.3
1978-03-01,1978,3,1,63.400,49.0553,6.3
1978-04-01,1978,4,1,63.900,50.026,6.1
1978-05-01,1978,5,1,64.500,50.2717,6.0
1978-06-01,1978,6,1,65.000,50.5939,5.9
1978-07-01,1978,7,1,65.500,50.5499,6.2
1978-08-01,1978,8,1,65.900,50.7622,5.9
1978-09-01,1978,9,1,66.500,50.8856,6.0
1978-10-01,1978,10,1,67.100,51.2821,5.8
1978-11-01,1978,11,1,67.500,51.6737,5.9
1978-12-01,1978,12,1,67.900,51.9404,6.0
1979-01-01,1979,1,1,68.500,51.6507,5.9
1979-02-01,1979,2,1,69.200,51.9097,5.9
1979-03-01,1979,3,1,69.900,52.0667,5.8
1979-04-01,1979,4,1,70.600,51.4548,5.8
1979-05-01,1979,5,1,71.400,51.9061,5.6
1979-06-01,1979,6,1,72.200,51.9067,5.7
1979-07-01,1979,7,1,73.000,51.8258,5.7
1979-08-01,1979,8,1,73.700,51.49,6.0
1979-09-01,1979,9,1,74.400,51.4847,5.9
1979-10-01,1979,10,1,75.200,51.8421,6.0
1979-11-01,1979,11,1,76.000,51.7591,5.9
1979-12-01,1979,12,1,76.900,51.7974,6.0
1980-01-01,1980,1,1,78.000,52.0677,6.3
1980-02-01,1980,2,1,79.000,52.0899,6.3
1980-03-01,1980,3,1,80.100,51.8687,6.3
1980-04-01,1980,4,1,80.900,50.8454,6.9
1980-05-01,1980,5,1,81.700,49.5947,7.5
1980-06-01,1980,6,1,82.500,48.9621,7.6
1980-07-01,1980,7,1,82.600,48.609,7.8
1980-08-01,1980,8,1,83.200,48.7646,7.7
1980-09-01,1980,9,1,83.900,49.5764,7.5
1980-10-01,1980,10,1,84.700,50.2058,7.5
1980-11-01,1980,11,1,85.600,51.0418,7.5
1980-12-01,1980,12,1,86.400,51.3906,7.2
1981-01-01,1981,1,1,87.200,51.0656,7.5
1981-02-01,1981,2,1,88.000,50.8554,7.4
1981-03-01,1981,3,1,88.600,51.1107,7.4
1981-04-01,1981,4,1,89.100,50.8864,7.2
1981-05-01,1981,5,1,89.700,51.1788,7.5
1981-06-01,1981,6,1,90.500,51.4496,7.5
1981-07-01,1981,7,1,91.500,51.7764,7.2
1981-08-01,1981,8,1,92.200,51.7129,7.4
1981-09-01,1981,9,1,93.100,51.4605,7.6
1981-10-01,1981,10,1,93.400,51.0625,7.9
1981-11-01,1981,11,1,93.800,50.473,8.3
1981-12-01,1981,12,1,94.100,49.9364,8.5
1982-01-01,1982,1,1,94.400,48.9114,8.6
1982-02-01,1982,2,1,94.700,49.9102,8.9
1982-03-01,1982,3,1,94.700,49.5691,9.0
1982-04-01,1982,4,1,95.000,49.1146,9.3
1982-05-01,1982,5,1,95.900,48.7805,9.4
1982-06-01,1982,6,1,97.000,48.6606,9.6
1982-07-01,1982,7,1,97.500,48.4863,9.8
1982-08-01,1982,8,1,97.700,48.0569,9.8
1982-09-01,1982,9,1,97.700,47.9303,10.1
1982-10-01,1982,10,1,98.100,47.4738,10.4
1982-11-01,1982,11,1,98.000,47.32,10.8
1982-12-01,1982,12,1,97.700,46.9813,10.8
1983-01-01,1983,1,1,97.900,47.8523,10.4
1983-02-01,1983,2,1,98.000,47.5667,10.4
1983-03-01,1983,3,1,98.100,47.9599,10.3
1983-04-01,1983,4,1,98.800,48.5564,10.2
1983-05-01,1983,5,1,99.200,48.8647,10.1
1983-06-01,1983,6,1,99.400,49.1558,10.1
1983-07-01,1983,7,1,99.800,49.8873,9.4
1983-08-01,1983,8,1,100.100,50.4843,9.5
1983-09-01,1983,9,1,100.400,51.216,9.2
1983-10-01,1983,10,1,100.800,51.6139,8.8
1983-11-01,1983,11,1,101.100,51.842,8.5
1983-12-01,1983,12,1,101.400,52.0948,8.3
1984-01-01,1984,1,1,102.100,53.1348,8.0
1984-02-01,1984,2,1,102.600,53.3763,7.8
1984-03-01,1984,3,1,102.900,53.6314,7.8
1984-04-01,1984,4,1,103.300,53.9491,7.7
1984-05-01,1984,5,1,103.500,54.2396,7.4
1984-06-01,1984,6,1,103.700,54.4288,7.2
1984-07-01,1984,7,1,104.100,54.5865,7.5
1984-08-01,1984,8,1,104.400,54.653,7.5
1984-09-01,1984,9,1,104.700,54.4949,7.3
1984-10-01,1984,10,1,105.100,54.4772,7.4
1984-11-01,1984,11,1,105.300,54.6594,7.2
1984-12-01,1984,12,1,105.500,54.6892,7.3
1985-01-01,1985,1,1,105.700,54.6505,7.3
1985-02-01,1985,2,1,106.300,54.8169,7.2
1985-03-01,1985,3,1,106.800,54.8978,7.2
1985-04-01,1985,4,1,107.000,54.7833,7.3
1985-05-01,1985,5,1,107.200,54.8704,7.2
1985-06-01,1985,6,1,107.500,54.8401,7.4
1985-07-01,1985,7,1,107.700,54.5582,7.4
1985-08-01,1985,8,1,107.900,54.7381,7.1
1985-09-01,1985,9,1,108.100,54.9416,7.1
1985-10-01,1985,10,1,108.500,54.7538,7.1
1985-11-01,1985,11,1,109.000,54.939,7.0
1985-12-01,1985,12,1,109.500,55.4945,7.0
1986-01-01,1986,1,1,109.900,55.7802,6.7
1986-02-01,1986,2,1,109.700,55.3994,7.2
1986-03-01,1986,3,1,109.100,55.0001,7.2
1986-04-01,1986,4,1,108.700,55.0641,7.1
1986-05-01,1986,5,1,109.000,55.1705,7.2
1986-06-01,1986,6,1,109.400,54.9588,7.2
1986-07-01,1986,7,1,109.500,55.2944,7.0
1986-08-01,1986,8,1,109.600,55.2029,6.9
1986-09-01,1986,9,1,110.000,55.3511,7.0
1986-10-01,1986,10,1,110.200,55.5857,7.0
1986-11-01,1986,11,1,110.400,55.803,6.9
1986-12-01,1986,12,1,110.800,56.3441,6.6
1987-01-01,1987,1,1,111.400,56.1259,6.6
1987-02-01,1987,2,1,111.800,56.8779,6.6
1987-03-01,1987,3,1,112.200,56.9516,6.6
1987-04-01,1987,4,1,112.700,57.3177,6.3
1987-05-01,1987,5,1,113.000,57.6774,6.3
1987-06-01,1987,6,1,113.500,57.9875,6.2
1987-07-01,1987,7,1,113.800,58.379,6.1
1987-08-01,1987,8,1,114.300,58.8171,6.0
1987-09-01,1987,9,1,114.700,59.0391,5.9
1987-10-01,1987,10,1,115.000,59.834,6.0
1987-11-01,1987,11,1,115.400,60.1367,5.8
1987-12-01,1987,12,1,115.600,60.4739,5.7
1988-01-01,1988,1,1,116.000,60.4594,5.7
1988-02-01,1988,2,1,116.200,60.7643,5.7
1988-03-01,1988,3,1,116.500,60.8948,5.7
1988-04-01,1988,4,1,117.200,61.2475,5.4
1988-05-01,1988,5,1,117.500,61.1353,5.6
1988-06-01,1988,6,1,118.000,61.2995,5.4
1988-07-01,1988,7,1,118.500,61.311,5.4
1988-08-01,1988,8,1,119.000,61.6234,5.6
1988-09-01,1988,9,1,119.500,61.4255,5.4
1988-10-01,1988,10,1,119.900,61.694,5.4
1988-11-01,1988,11,1,120.300,61.8494,5.3
1988-12-01,1988,12,1,120.700,62.1171,5.3
1989-01-01,1989,1,1,121.200,62.3103,5.4
1989-02-01,1989,2,1,121.600,62.0353,5.2
1989-03-01,1989,3,1,122.200,62.195,5.0
1989-04-01,1989,4,1,123.100,62.1753,5.2
1989-05-01,1989,5,1,123.700,61.8321,5.2
1989-06-01,1989,6,1,124.100,61.8246,5.3
1989-07-01,1989,7,1,124.500,61.2285,5.2
1989-08-01,1989,8,1,124.500,61.8334,5.2
1989-09-01,1989,9,1,124.800,61.6221,5.3
1989-10-01,1989,10,1,125.400,61.5537,5.3
1989-11-01,1989,11,1,125.900,61.7575,5.4
1989-12-01,1989,12,1,126.300,62.1111,5.4
1990-01-01,1990,1,1,127.500,61.7781,5.4
1990-02-01,1990,2,1,128.000,62.3426,5.3
1990-03-01,1990,3,1,128.600,62.6446,5.2
1990-04-01,1990,4,1,128.900,62.5104,5.4
1990-05-01,1990,5,1,129.100,62.6898,5.4
1990-06-01,1990,6,1,129.900,62.8923,5.2
1990-07-01,1990,7,1,130.500,62.7933,5.5
1990-08-01,1990,8,1,131.600,63.0241,5.7
1990-09-01,1990,9,1,132.500,63.0328,5.9
1990-10-01,1990,10,1,133.400,62.6466,5.9
1990-11-01,1990,11,1,133.700,61.8681,6.2
1990-12-01,1990,12,1,134.200,61.4345,6.3
1991-01-01,1991,1,1,134.700,61.2241,6.4
1991-02-01,1991,2,1,134.800,60.779,6.6
1991-03-01,1991,3,1,134.800,60.4377,6.8
1991-04-01,1991,4,1,135.100,60.5982,6.7
1991-05-01,1991,5,1,135.600,61.2041,6.9
1991-06-01,1991,6,1,136.000,61.6923,6.9
1991-07-01,1991,7,1,136.200,61.8569,6.8
1991-08-01,1991,8,1,136.600,61.8681,6.9
1991-09-01,1991,9,1,137.000,62.3855,6.9
1991-10-01,1991,10,1,137.200,62.3229,7.0
1991-11-01,1991,11,1,137.800,62.2427,7.0
1991-12-01,1991,12,1,138.200,61.9705,7.3
1992-01-01,1992,1,1,138.300,61.6471,7.3
1992-02-01,1992,2,1,138.600,62.0794,7.4
1992-03-01,1992,3,1,139.100,62.5955,7.4
1992-04-01,1992,4,1,139.400,63.0726,7.4
1992-05-01,1992,5,1,139.700,63.2761,7.6
1992-06-01,1992,6,1,140.100,63.3102,7.8
1992-07-01,1992,7,1,140.500,63.8769,7.7
1992-08-01,1992,8,1,140.800,63.5221,7.6
1992-09-01,1992,9,1,141.100,63.7217,7.6
1992-10-01,1992,10,1,141.700,64.1556,7.3
1992-11-01,1992,11,1,142.100,64.4144,7.4
1992-12-01,1992,12,1,142.300,64.5161,7.4
1993-01-01,1993,1,1,142.800,64.7738,7.3
1993-02-01,1993,2,1,143.100,65.0805,7.1
1993-03-01,1993,3,1,143.300,65.0176,7.0
1993-04-01,1993,4,1,143.800,65.2041,7.1
1993-05-01,1993,5,1,144.200,64.9433,7.1
1993-06-01,1993,6,1,144.300,65.0984,7.0
1993-07-01,1993,7,1,144.500,65.2554,6.9
1993-08-01,1993,8,1,144.800,65.1946,6.8
1993-09-01,1993,9,1,145.000,65.5282,6.7
1993-10-01,1993,10,1,145.600,66.0152,6.8
1993-11-01,1993,11,1,146.000,66.3292,6.6
1993-12-01,1993,12,1,146.300,66.7038,6.5
1994-01-01,1994,1,1,146.300,66.9164,6.6
1994-02-01,1994,2,1,146.700,66.9642,6.6
1994-03-01,1994,3,1,147.100,67.6335,6.5
1994-04-01,1994,4,1,147.200,68.0334,6.4
1994-05-01,1994,5,1,147.500,68.3531,6.1
1994-06-01,1994,6,1,147.900,68.8002,6.1
1994-07-01,1994,7,1,148.400,68.8863,6.1
1994-08-01,1994,8,1,149.000,69.3412,6.0
1994-09-01,1994,9,1,149.300,69.5574,5.9
1994-10-01,1994,10,1,149.400,70.119,5.8
1994-11-01,1994,11,1,149.800,70.5942,5.6
1994-12-01,1994,12,1,150.100,71.2814,5.5
1995-01-01,1995,1,1,150.500,71.4303,5.6
1995-02-01,1995,2,1,150.900,71.3343,5.4
1995-03-01,1995,3,1,151.200,71.4451,5.4
1995-04-01,1995,4,1,151.800,71.3289,5.8
1995-05-01,1995,5,1,152.100,71.66,5.6
1995-06-01,1995,6,1,152.400,71.8967,5.6
1995-07-01,1995,7,1,152.600,71.5924,5.7
1995-08-01,1995,8,1,152.900,72.5339,5.7
1995-09-01,1995,9,1,153.100,72.8247,5.6
1995-10-01,1995,10,1,153.500,72.713,5.5
1995-11-01,1995,11,1,153.700,72.8884,5.6
1995-12-01,1995,12,1,153.900,73.1429,5.6
1996-01-01,1996,1,1,154.700,72.7471,5.6
1996-02-01,1996,2,1,155.000,73.7871,5.5
1996-03-01,1996,3,1,155.500,73.6749,5.5
1996-04-01,1996,4,1,156.100,74.4153,5.6
1996-05-01,1996,5,1,156.400,74.9718,5.6
1996-06-01,1996,6,1,156.700,75.5317,5.3
1996-07-01,1996,7,1,157.000,75.5323,5.5
1996-08-01,1996,8,1,157.200,75.9129,5.1
1996-09-01,1996,9,1,157.700,76.4032,5.2
1996-10-01,1996,10,1,158.200,76.3931,5.2
1996-11-01,1996,11,1,158.700,77.0672,5.4
1996-12-01,1996,12,1,159.100,77.5543,5.4
1997-01-01,1997,1,1,159.400,77.6945,5.3
1997-02-01,1997,2,1,159.700,78.612,5.2
1997-03-01,1997,3,1,159.800,79.1021,5.2
1997-04-01,1997,4,1,159.900,79.1683,5.1
1997-05-01,1997,5,1,159.900,79.6084,4.9
1997-06-01,1997,6,1,160.200,79.9802,5.0
1997-07-01,1997,7,1,160.400,80.6492,4.9
1997-08-01,1997,8,1,160.800,81.4548,4.8
1997-09-01,1997,9,1,161.200,82.212,4.9
1997-10-01,1997,10,1,161.500,82.9309,4.7
1997-11-01,1997,11,1,161.700,83.5919,4.6
1997-12-01,1997,12,1,161.800,83.9696,4.7
1998-01-01,1998,1,1,162.000,84.3467,4.6
1998-02-01,1998,2,1,162.000,84.4865,4.6
1998-03-01,1998,3,1,162.000,84.5212,4.7
1998-04-01,1998,4,1,162.200,84.8275,4.3
1998-05-01,1998,5,1,162.600,85.3596,4.4
1998-06-01,1998,6,1,162.800,84.8466,4.5
1998-07-01,1998,7,1,163.200,84.5061,4.5
1998-08-01,1998,8,1,163.400,86.2464,4.5
1998-09-01,1998,9,1,163.500,86.1707,4.6
1998-10-01,1998,10,1,163.900,86.7671,4.5
1998-11-01,1998,11,1,164.100,86.6929,4.4
1998-12-01,1998,12,1,164.400,87.0633,4.4
1999-01-01,1999,1,1,164.700,87.4252,4.3
1999-02-01,1999,2,1,164.700,87.926,4.4
1999-03-01,1999,3,1,164.800,88.1101,4.2
1999-04-01,1999,4,1,165.900,88.3106,4.3
1999-05-01,1999,5,1,166.000,88.8487,4.2
1999-06-01,1999,6,1,166.000,88.7978,4.3
1999-07-01,1999,7,1,166.700,89.3119,4.3
1999-08-01,1999,8,1,167.100,89.7109,4.2
1999-09-01,1999,9,1,167.800,89.3331,4.2
1999-10-01,1999,10,1,168.100,90.4924,4.1
1999-11-01,1999,11,1,168.400,90.965,4.1
1999-12-01,1999,12,1,168.800,91.6804,4.0
2000-01-01,2000,1,1,169.300,91.6261,4.0
2000-02-01,2000,2,1,170.000,91.9626,4.1
2000-03-01,2000,3,1,171.000,92.3118,4.0
2000-04-01,2000,4,1,170.900,92.8872,3.8
2000-05-01,2000,5,1,171.200,93.162,4.0
2000-06-01,2000,6,1,172.200,93.2168,4.0
2000-07-01,2000,7,1,172.700,93.04,4.0
2000-08-01,2000,8,1,172.700,92.79,4.1
2000-09-01,2000,9,1,173.600,93.1547,3.9
2000-10-01,2000,10,1,173.900,92.8361,3.9
2000-11-01,2000,11,1,174.200,92.8395,3.9
2000-12-01,2000,12,1,174.600,92.5334,3.9
2001-01-01,2001,1,1,175.600,92.0304,4.2
2001-02-01,2001,2,1,176.000,91.4079,4.2
2001-03-01,2001,3,1,176.100,91.1751,4.3
2001-04-01,2001,4,1,176.400,90.8767,4.4
2001-05-01,2001,5,1,177.300,90.375,4.3
2001-06-01,2001,6,1,177.700,89.8626,4.5
2001-07-01,2001,7,1,177.400,89.3288,4.6
2001-08-01,2001,8,1,177.400,89.2201,4.9
2001-09-01,2001,9,1,178.100,88.7478,5.0
2001-10-01,2001,10,1,177.600,88.4755,5.3
2001-11-01,2001,11,1,177.500,87.9631,5.5
2001-12-01,2001,12,1,177.400,87.9329,5.7
2002-01-01,2002,1,1,177.700,88.5452,5.7
2002-02-01,2002,2,1,178.000,88.5362,5.7
2002-03-01,2002,3,1,178.500,89.2097,5.7
2002-04-01,2002,4,1,179.300,89.6389,5.9
2002-05-01,2002,5,1,179.500,90.0271,5.8
2002-06-01,2002,6,1,179.600,90.7645,5.8
2002-07-01,2002,7,1,180.000,90.7437,5.8
2002-08-01,2002,8,1,180.500,90.6268,5.7
2002-09-01,2002,9,1,180.800,90.7241,5.7
2002-10-01,2002,10,1,181.200,90.4879,5.7
2002-11-01,2002,11,1,181.500,90.9823,5.9
2002-12-01,2002,12,1,181.800,90.4919,6.0
2003-01-01,2003,1,1,182.600,91.2395,5.8
2003-02-01,2003,2,1,183.600,91.3384,5.9
2003-03-01,2003,3,1,183.900,91.069,5.9
2003-04-01,2003,4,1,183.200,90.4913,6.0
2003-05-01,2003,5,1,182.900,90.4697,6.1
2003-06-01,2003,6,1,183.100,90.5899,6.3
2003-07-01,2003,7,1,183.700,91.0614,6.2
2003-08-01,2003,8,1,184.500,90.8452,6.1
2003-09-01,2003,9,1,185.100,91.4453,6.1
2003-10-01,2003,10,1,184.900,91.5595,6.0
2003-11-01,2003,11,1,185.000,92.1763,5.8
2003-12-01,2003,12,1,185.500,92.2532,5.7
2004-01-01,2004,1,1,186.300,92.4067,5.7
2004-02-01,2004,2,1,186.700,92.9687,5.6
2004-03-01,2004,3,1,187.100,92.6,5.8
2004-04-01,2004,4,1,187.400,92.9761,5.6
2004-05-01,2004,5,1,188.200,93.6446,5.6
2004-06-01,2004,6,1,188.900,92.9303,5.6
2004-07-01,2004,7,1,189.100,93.6109,5.5
2004-08-01,2004,8,1,189.200,93.6958,5.4
2004-09-01,2004,9,1,189.800,93.7958,5.4
2004-10-01,2004,10,1,190.800,94.6226,5.5
2004-11-01,2004,11,1,191.700,94.8491,5.4
2004-12-01,2004,12,1,191.700,95.5841,5.4
2005-01-01,2005,1,1,191.600,95.9285,5.3
2005-02-01,2005,2,1,192.400,96.6287,5.4
2005-03-01,2005,3,1,193.100,96.4907,5.2
2005-04-01,2005,4,1,193.700,96.6809,5.2
2005-05-01,2005,5,1,193.600,96.7925,5.1
2005-06-01,2005,6,1,193.700,97.19,5.0
2005-07-01,2005,7,1,194.900,96.8981,5.0
2005-08-01,2005,8,1,196.100,97.2223,4.9
2005-09-01,2005,9,1,198.800,95.3463,5.0
2005-10-01,2005,10,1,199.100,96.4981,5.0
2005-11-01,2005,11,1,198.100,97.5646,5.0
2005-12-01,2005,12,1,198.100,98.0222,4.9
2006-01-01,2006,1,1,199.300,98.2044,4.7
2006-02-01,2006,2,1,199.400,98.2404,4.8
2006-03-01,2006,3,1,199.700,98.4742,4.7
2006-04-01,2006,4,1,200.700,98.7765,4.7
2006-05-01,2006,5,1,201.300,98.7884,4.6
2006-06-01,2006,6,1,201.800,99.1069,4.6
2006-07-01,2006,7,1,202.900,99.0357,4.7
2006-08-01,2006,8,1,203.800,99.4583,4.7
2006-09-01,2006,9,1,202.800,99.2544,4.5
2006-10-01,2006,10,1,201.900,99.1514,4.4
2006-11-01,2006,11,1,202.000,99.0974,4.5
2006-12-01,2006,12,1,203.100,100.1117,4.4
2007-01-01,2007,1,1,203.437,99.7226,4.6
2007-02-01,2007,2,1,204.226,100.6919,4.5
2007-03-01,2007,3,1,205.288,100.8857,4.4
2007-04-01,2007,4,1,205.904,101.5777,4.5
2007-05-01,2007,5,1,206.755,101.6481,4.4
2007-06-01,2007,6,1,207.234,101.6741,4.6
2007-07-01,2007,7,1,207.603,101.5627,4.7
2007-08-01,2007,8,1,207.667,101.7751,4.6
2007-09-01,2007,9,1,208.547,102.0279,4.7
2007-10-01,2007,10,1,209.190,101.7289,4.7
2007-11-01,2007,11,1,210.834,102.3185,4.7
2007-12-01,2007,12,1,211.445,102.3074,5.0
2008-01-01,2008,1,1,212.174,102.1686,5.0
2008-02-01,2008,2,1,212.687,101.7673,4.9
2008-03-01,2008,3,1,213.448,101.3986,5.1
2008-04-01,2008,4,1,213.942,100.7238,5.0
2008-05-01,2008,5,1,215.208,100.1399,5.4
2008-06-01,2008,6,1,217.463,99.9141,5.6
2008-07-01,2008,7,1,219.016,99.4943,5.8
2008-08-01,2008,8,1,218.690,97.9367,6.1
2008-09-01,2008,9,1,218.877,93.6585,6.1
2008-10-01,2008,10,1,216.995,94.5845,6.5
2008-11-01,2008,11,1,213.153,93.3455,6.8
2008-12-01,2008,12,1,211.398,90.7183,7.3
2009-01-01,2009,1,1,211.933,88.4683,7.8
2009-02-01,2009,2,1,212.705,87.936,8.3
2009-03-01,2009,3,1,212.495,86.5503,8.7
2009-04-01,2009,4,1,212.709,85.8598,9.0
2009-05-01,2009,5,1,213.022,84.9991,9.4
2009-06-01,2009,6,1,214.790,84.7277,9.5
2009-07-01,2009,7,1,214.726,85.7091,9.5
2009-08-01,2009,8,1,215.445,86.6333,9.6
2009-09-01,2009,9,1,215.861,87.3615,9.8
2009-10-01,2009,10,1,216.509,87.5488,10.0
2009-11-01,2009,11,1,217.234,87.9144,9.9
2009-12-01,2009,12,1,217.347,88.2318,9.9
2010-01-01,2010,1,1,217.488,89.1936,9.8
2010-02-01,2010,2,1,217.281,89.5089,9.8
2010-03-01,2010,3,1,217.353,90.1449,9.9
2010-04-01,2010,4,1,217.403,90.474,9.9
2010-05-01,2010,5,1,217.290,91.7131,9.6
2010-06-01,2010,6,1,217.199,91.9287,9.4
2010-07-01,2010,7,1,217.605,92.2737,9.4
2010-08-01,2010,8,1,217.923,92.615,9.5
2010-09-01,2010,9,1,218.275,92.8668,9.5
2010-10-01,2010,10,1,219.035,92.6138,9.4
2010-11-01,2010,11,1,219.590,92.6772,9.8
2010-12-01,2010,12,1,220.472,93.5741,9.3
2011-01-01,2011,1,1,221.187,93.3793,9.1
2011-02-01,2011,2,1,221.898,93.0051,9.0
2011-03-01,2011,3,1,223.046,93.978,9.0
2011-04-01,2011,4,1,224.093,93.6525,9.1
2011-05-01,2011,5,1,224.806,93.7878,9.0
2011-06-01,2011,6,1,224.806,94.0378,9.1
2011-07-01,2011,7,1,225.395,94.5146,9.0
2011-08-01,2011,8,1,226.106,95.1263,9.0
2011-09-01,2011,9,1,226.597,95.0732,9.0
2011-10-01,2011,10,1,226.750,95.7291,8.8
2011-11-01,2011,11,1,227.169,95.7455,8.6
2011-12-01,2011,12,1,227.223,96.2147,8.5
2012-01-01,2012,1,1,227.842,96.8051,8.3
2012-02-01,2012,2,1,228.329,97.1033,8.3
2012-03-01,2012,3,1,228.807,96.5973,8.2
2012-04-01,2012,4,1,229.187,97.3006,8.2
2012-05-01,2012,5,1,228.713,97.5046,8.2
2012-06-01,2012,6,1,228.524,97.4903,8.2
2012-07-01,2012,7,1,228.590,97.7234,8.2
2012-08-01,2012,8,1,229.918,97.313,8.1
2012-09-01,2012,9,1,231.015,97.2405,7.8
2012-10-01,2012,10,1,231.638,97.561,7.8
2012-11-01,2012,11,1,231.249,97.9589,7.7
2012-12-01,2012,12,1,231.221,98.2061,7.9
2013-01-01,2013,1,1,231.679,98.199,8.0
2013-02-01,2013,2,1,232.937,98.6835,7.7
2013-03-01,2013,3,1,232.282,99.0994,7.5
2013-04-01,2013,4,1,231.797,98.9898,7.6
2013-05-01,2013,5,1,231.893,99.0782,7.5
2013-06-01,2013,6,1,232.445,99.2141,7.5
2013-07-01,2013,7,1,232.900,98.9132,7.3
2013-08-01,2013,8,1,233.456,99.4891,7.2
2013-09-01,2013,9,1,233.544,100.0172,7.2
2013-10-01,2013,10,1,233.669,99.9038,7.2
2013-11-01,2013,11,1,234.100,100.1479,6.9
2013-12-01,2013,12,1,234.719,100.3576,6.7
2014-01-01,2014,1,1,235.288,99.9828,6.6
2014-02-01,2014,2,1,235.547,100.7485,6.7
2014-03-01,2014,3,1,236.028,101.7391,6.7
2014-04-01,2014,4,1,236.468,101.8023,6.2
2014-05-01,2014,5,1,236.918,102.2116,6.3
2014-06-01,2014,6,1,237.231,102.5637,6.1
2014-07-01,2014,7,1,237.498,102.8425,6.2
2014-08-01,2014,8,1,237.460,102.6499,6.1
2014-09-01,2014,9,1,237.477,102.9647,5.9
2014-10-01,2014,10,1,237.430,102.9704,5.7
2014-11-01,2014,11,1,236.983,103.6017,5.8
2014-12-01,2014,12,1,236.252,103.592,5.6
2015-01-01,2015,1,1,234.747,102.798,5.7
2015-02-01,2015,2,1,235.342,102.1554,5.5
2015-03-01,2015,3,1,235.976,101.8077,5.4
2015-04-01,2015,4,1,236.222,101.2285,5.4
2015-05-01,2015,5,1,237.001,100.7536,5.6
2015-06-01,2015,6,1,237.657,100.4529,5.3
2015-07-01,2015,7,1,238.034,101.11,5.2
2015-08-01,2015,8,1,238.033,100.8802,5.1
2015-09-01,2015,9,1,237.498,100.608,5.0
2015-10-01,2015,10,1,237.733,100.151,5.0
2015-11-01,2015,11,1,238.017,99.3817,5.1
2015-12-01,2015,12,1,237.761,98.8572,5.0
2016-01-01,2016,1,1,237.652,99.4086,4.8
2016-02-01,2016,2,1,237.336,98.8946,4.9
2016-03-01,2016,3,1,238.080,98.1385,5.0
2016-04-01,2016,4,1,238.992,98.4364,5.1
2016-05-01,2016,5,1,239.557,98.2096,4.8
2016-06-01,2016,6,1,240.222,98.6766,4.9
2016-07-01,2016,7,1,240.101,98.8371,4.8
2016-08-01,2016,8,1,240.545,98.7302,4.9
2016-09-01,2016,9,1,241.176,98.6287,5.0
2016-10-01,2016,10,1,241.741,98.7126,4.9
2016-11-01,2016,11,1,242.026,98.3004,4.7
2016-12-01,2016,12,1,242.637,98.9063,4.7
2017-01-01,2017,1,1,243.618,98.7349,4.7
2017-02-01,2017,2,1,244.006,98.4178,4.6
2017-03-01,2017,3,1,243.892,99.0726,4.4
2017-04-01,2017,4,1,244.193,100.0545,4.4
2017-05-01,2017,5,1,244.004,100.139,4.4
2017-06-01,2017,6,1,244.163,100.3148,4.3
2017-07-01,2017,7,1,244.243,100.1418,4.3
2017-08-01,2017,8,1,245.183,99.6878,4.4
2017-09-01,2017,9,1,246.435,99.7829,4.3
2017-10-01,2017,10,1,246.626,101.0401,4.2
2017-11-01,2017,11,1,247.284,101.226,4.2
2017-12-01,2017,12,1,247.805,101.3878,4.1
2018-01-01,2018,1,1,248.743,101.345,4.0
2018-02-01,2018,2,1,249.439,101.7068,4.1
2018-03-01,2018,3,1,249.581,102.2785,4.0
2018-04-01,2018,4,1,250.146,103.434,4.0
2018-05-01,2018,5,1,250.779,102.4735,3.8
2018-06-01,2018,6,1,251.118,103.2508,4.0
2018-07-01,2018,7,1,251.323,103.4588,3.8
2018-08-01,2018,8,1,251.749,104.1802,3.8
2018-09-01,2018,9,1,252.239,104.1665,3.7
2018-10-01,2018,10,1,252.862,104.0476,3.8
2018-11-01,2018,11,1,252.657,103.9603,3.8
2018-12-01,2018,12,1,252.551,103.869,3.9
2019-01-01,2019,1,1,252.470,103.2684,4.0
2019-02-01,2019,2,1,253.135,102.8157,3.8
2019-03-01,2019,3,1,254.273,102.9,3.8
2019-04-01,2019,4,1,255.163,102.3826,3.6
2019-05-01,2019,5,1,255.325,102.5756,3.6
2019-06-01,2019,6,1,255.361,102.5928,3.6
2019-07-01,2019,7,1,255.900,102.2012,3.7
2019-08-01,2019,8,1,256.179,102.9086,3.7
2019-09-01,2019,9,1,256.596,102.579,3.5
2019-10-01,2019,10,1,257.305,101.7775,3.6
2019-11-01,2019,11,1,257.788,102.0979,3.6
2019-12-01,2019,12,1,258.263,101.7632,3.6
2020-01-01,2020,1,1,258.682,101.303,3.5
2020-02-01,2020,2,1,259.007,101.7038,3.5
2020-03-01,2020,3,1,258.165,97.8746,4.4
2020-04-01,2020,4,1,256.094,84.959,14.7
2020-05-01,2020,5,1,255.944,86.3345,13.2
2020-06-01,2020,6,1,257.217,91.7523,11.0
2020-07-01,2020,7,1,258.543,95.2439,10.2
2020-08-01,2020,8,1,259.580,96.1173,8.4
2020-09-01,2020,9,1,260.190,96.0711,7.9
2020-10-01,2020,10,1,260.352,96.825,6.9
2020-11-01,2020,11,1,260.721,97.1183,6.7
2020-12-01,2020,12,1,261.564,98.138,6.7
2021-01-01,2021,1,1,262.200,99.2645,6.4
2021-02-01,2021,2,1,263.346,96.2231,6.2
2021-03-01,2021,3,1,265.028,98.8621,6.0
2021-04-01,2021,4,1,266.727,99.0246,6.0
2021-05-01,2021,5,1,268.599,99.7785,5.8
2021-06-01,2021,6,1,270.955,100.1923,5.9
2021-07-01,2021,7,1,272.184,100.8724,5.4
2021-08-01,2021,8,1,273.092,100.837,5.2
2021-09-01,2021,9,1,274.214,99.8498,4.7
2021-10-01,2021,10,1,276.590,101.3602,4.6
2021-11-01,2021,11,1,278.524,101.961,4.2
2021-12-01,2021,12,1,280.126,101.7587,3.9
2022-01-01,2022,1,1,281.933,102.146,4.0
2022-02-01,2022,2,1,284.182,102.9981,3.8
2022-03-01,2022,3,1,287.708,103.7286,3.6
2022-04-01,2022,4,1,288.663,104.5224,3.6
2022-05-01,2022,5,1,291.474,104.5729,3.6
2022-06-01,2022,6,1,295.328,104.3648,3.6
